Test,Statistic,PValue,NumBlocks,NumAlgorithms
Friedman,21.659574468085044,0.0006076391823481128,28,6
